sample_id,sample_type,0_mean,0_median,0_std,0_iqr,1_mean,1_median,1_std,1_iqr,2_mean,2_median,2_std,2_iqr,3_mean,3_median,3_std,3_iqr,4_mean,4_median,4_std,4_iqr,5_mean,5_median,5_std,5_iqr,6_mean,6_median,6_std,6_iqr,7_mean,7_median,7_std,7_iqr
sample_1,reference,2.863045257790975,3.743687693349562,1.6246338926112778,3.13631470708186,3.1570557242508666,3.965477442729157,1.5851236071874146,3.2171845703257,0.9170403223065303,0.9097516618482805,0.5485799514849453,0.7194361248094089,3.451262241448629,4.342800179052402,1.4923376313282297,2.936458664947688,4.104045988967966,4.062052337283067,2.5477912750973415,5.701644920641359,2.8758602892293488,3.433771826141314,1.1530755781962465,2.26167438867214,3.3482096164297883,3.996387812197617,1.2964394543043964,2.6130241189312464,2.824837889788292,3.402077242447363,1.309657128847422,2.7625788171468972
sample_2,reference,2.7849739290832054,3.4873464297910672,1.4238664739766536,2.8752014985048717,2.9076222983411135,3.8572967265734093,1.5802848380069972,3.0776340829959663,1.105618970556718,1.1039683215649476,0.12423585225447366,0.16292932300280327,2.760725168971895,3.629311390093724,1.3676413441604698,2.592979891394296,4.374564777470099,4.321960303504478,2.4231645219896993,5.48427023504428,2.7143071211427086,3.339883159777682,1.428723556594665,2.769794077417068,2.9709523522443577,3.993760449588227,1.7004613862571811,3.312489585522675,3.123772017705016,3.945328406328817,1.724199101643063,3.3231029964167664
sample_3,reference,3.0628051513946137,3.7201902622114007,1.4730167899461994,2.764354663908355,3.261894200161827,4.058274013625885,1.5741549276545395,3.084282942184675,1.0973192401517085,1.0891249131634322,0.6167448089302089,0.8088310448312934,3.234677504866453,4.1345512344351985,1.6282776143997035,3.280849817393609,3.7822019721191773,3.5546415922096806,2.6161595411010494,5.77959437428591,3.024466848015225,3.7675799720441194,1.455383576499637,2.745886917235205,2.9581447453706002,3.8823361941122987,1.4970143415946027,3.105418391205613,2.9428184079832373,3.916505340796605,1.6425475408706616,3.1472966535095357
sample_4,reference,3.1800437998730833,4.0248204010444475,1.5812434909004218,3.310210828246296,2.990533449233514,3.768990319812567,1.6015950790160218,3.1766706072014843,0.5968610281649862,0.5837613286883718,0.9859469438193704,1.2930218222686063,2.9943245175020214,3.8427432366025505,1.5245569723884125,3.0443921761846697,4.1379831543277845,4.091515589279522,2.384490212742673,5.211808098227431,2.579771573505888,3.5697240603947202,1.5424630391202672,2.990055978617686,2.913217623853368,3.849615786973595,1.753920776705522,3.4781722697483133,2.873742561287176,3.910801893353793,1.5349569711436613,2.919835894152772
sample_5,reference,3.118602671743516,3.993306786599745,1.4630447522205154,3.031710736051469,3.473863497736614,4.4177116001312475,1.734811909642533,3.7479336435759505,0.834506869223085,0.8305649752722803,0.29668606524860647,0.38908945266707673,2.9991593293192342,3.988767929279983,1.4995631640513007,3.0675382427102402,4.168040803262774,3.8107880542470562,2.315032039445239,4.979701222862534,3.0566904912644293,3.9447474677116947,1.5354454655658913,2.962493282161631,2.977011322716643,3.743022825439391,1.1960765833879226,2.3451787287009562,2.8910462512100796,3.6874968256683225,1.3622545521234684,2.877463238341546
sample_6,reference,2.813528676913391,3.324367708202971,1.1735777635341116,2.218396885586867,3.083155914789035,3.8177042038658406,1.491649476290659,2.851783522207081,0.8464239260104643,0.8437688815185378,0.1998315310357102,0.2620694064992781,3.0408459331604734,3.8782472698559847,1.507764372292037,2.9921864259686615,3.6148328492448747,3.784429951705097,2.415817596979117,5.523579902533048,2.990033746825914,3.8352054854196638,1.319374216386008,2.7267236823878975,3.1587130630289355,4.046493650513632,1.4637776985473812,2.756328471734847,3.3638693847638943,4.205890752659613,1.5974457719698438,3.221733556103806
sample_7,reference,3.057118999860603,3.780246911166709,1.5215319147284398,2.9291849941784998,3.0239634087599576,3.694516184914996,1.2793612044428135,2.616113186154072,0.9256261476783427,0.9151955531059219,0.7850571579337295,1.0295645656187093,2.9349974447766067,3.5228456713622314,1.1366380895770054,2.1181677597543214,4.077741777269685,3.9520119878387736,2.404072044590241,5.325650003896886,2.703667736378431,3.538727145035734,1.2454546474582553,2.479999609232112,2.835377508035329,3.4327461804272765,1.3253847748254741,2.5637143626637173,3.1465062867178095,4.027143583931833,1.579330792938196,3.025825635124481
sample_8,reference,3.0386474312913934,3.849342241063403,1.3846857349153625,2.8254665013950375,2.858475669686687,3.8963762287981285,1.4865102581578982,2.966480103330884,1.0008942854685885,0.9946296236904618,0.4715088422625636,0.6183610855127263,3.352567360750185,4.073600192193463,1.4032730496203085,2.9995826236552237,4.061288927447453,4.354247871673156,2.570453355109558,5.640217800123264,3.215311433058379,4.247577750044699,1.6347781141533724,3.4070899990258425,3.1730280238175648,3.898063431563701,1.4257990445604818,3.0413483283834264,2.8551001192352676,3.745436494507892,1.5925510579504911,3.171656778409543
sample_9,reference,3.3188320678018144,3.9576978467942636,1.4402305918673917,2.987419565088122,3.042412023168919,3.7649834306212044,1.5088237742487758,3.1963325945440637,0.761257716271311,0.7545082278237842,0.5079992498349295,0.6662164935448944,3.1934324115229935,3.8672749877609207,1.4411516937274367,3.022931394308586,3.6283621729865643,4.0648974787007806,2.4002135541759624,5.284121059354129,3.189962944933241,4.002240222619671,1.6593225818609598,3.5519028582257848,2.853925627178384,3.6344110066313395,1.369380342510382,2.671739084730338,3.150791071243004,4.057856996912707,1.358046466403426,2.649976644168312
sample_10,reference,3.3879239001102763,4.170645336784602,1.4275590764381747,2.8697090569802235,2.988465256920047,3.7371268174885834,1.4121215111534187,2.8977228419566914,1.2123951190079252,1.2024610213938831,0.7476883877872937,0.9805572274717863,3.176920116998899,3.846362690660626,1.2638527694057087,2.3089639523623258,3.6766423488908075,3.7893454616278603,2.4920478732266305,5.42429864250649,3.365223453820139,4.245988735710515,1.5356510944332857,2.898818880454585,3.1404833514155417,3.848079695219832,1.5543601800715865,3.047420738334263,2.853913000135079,3.570340707386162,1.4554082488884468,2.93398200235989
sample_11,reference,2.784241326392709,3.7134279382114093,1.5208225318014994,2.993461974224755,3.1417099800519552,3.9506905699545696,1.5124087464194282,2.9181316783141806,1.3112721190532395,1.3090563914144937,0.16676641305074077,0.21870610041220728,2.905709807892525,3.8768550202075254,1.571300035315104,3.1686871084720893,3.9950364700413163,3.9217089751284377,2.3057042341223553,5.254336855305688,3.148550769020494,3.6646017918760627,1.3119029107983817,2.4577446637502183,3.2735008867378745,4.273803853225629,1.5764469781730586,3.128797822520626,2.703511816390104,3.6449860169942854,1.4528347337978738,2.8026583040652495
sample_12,reference,3.016069892349199,3.688386346072983,1.308016089885148,2.6033698219446,2.853554016678133,3.5785078228422718,1.3928002527373642,2.921045118668969,1.1417158459145806,1.1351147896692537,0.4968275220876739,0.6515653118964303,2.8339570034865345,3.512601357261593,1.3275635093016187,2.51746813355418,4.495665528615523,4.507924280260092,2.610752086055069,5.73484678821989,2.985319511222609,3.873286403845329,1.3810767173333918,2.801450088779444,3.2247361021814993,4.065366377816911,1.4603279682127188,2.899349091066638,3.5311880064135677,4.5176976388030745,1.7767783740441103,3.5667854115833775
sample_13,reference,3.01158364925012,3.705595722854186,1.404380921385284,2.8137259199897433,2.875580783301895,3.6491188881772754,1.4302326888780112,2.6616362372476665,0.9230992581101124,0.915177327293081,0.596242951385569,0.7819438483462886,3.0287440228636533,3.944147770460475,1.4862720501634887,2.983582162779438,4.459126329818487,3.96809786856145,2.701405781372288,6.078463390104963,3.2881239256443306,4.282216100733582,1.7377853004077466,3.4098749960114274,2.9523032513809513,3.946444896948286,1.52937749415503,2.9100076896949547,3.10300999014849,3.7193567317904,1.2433878109574903,2.318690436491018
sample_14,reference,2.730923271025248,3.4024236442933495,1.3563908242325244,2.772920516968507,2.9588948889093674,3.569307671710419,1.2664841609633826,2.428101824645352,0.8575579849245071,0.8547016428015553,0.2149821674653209,0.28193873481105935,3.1839641292170398,3.9816560356540895,1.469931945098584,3.0420965587263415,3.7638116957533,4.073624236774106,2.421056078480334,5.4248203659203895,2.942652322132875,3.538923284425464,1.3914715535901365,2.6743297873268723,2.833406068021729,3.629833357789826,1.5283142168993473,3.063359567401368,2.7995097388900523,3.581408458563893,1.468650384040863,2.805263958781118
sample_15,reference,2.6014934555537086,3.328681771611737,1.417492418292244,2.9144865842722334,3.0184460898218854,3.9188449236905702,1.4314659386046924,2.767784640035987,0.7028408316653356,0.6934270394506886,0.7085276788487336,0.9291998481011331,3.1171013552286424,4.003392207827835,1.4088644408108149,2.8977185180033125,4.180474828873582,4.192443233436228,2.714626042940399,6.069843429349721,2.9200607020101246,3.879181765978603,1.4425555238749885,2.991801325973827,2.911098619474518,3.9582902442083876,1.9088709455124229,3.913604202197128,2.636115270646833,3.5742260895031466,1.4433444805966549,2.7385877678730677
sample_16,reference,2.933996927143296,3.8156311317312825,1.3987970503476335,2.593791059069483,2.668346774896253,3.3235554316867324,1.3930746835119112,2.8794053324202924,0.8257728929035332,0.8216204697569267,0.31253151403589036,0.40986999384531597,3.0718267679111095,3.8902868945474456,1.3378474246952439,2.7033416813215787,3.8827410423976696,3.7973056543315797,2.297486810408867,4.93264354943469,2.8422656511048907,3.585676816767114,1.3338935943347243,2.6457241306348624,3.1636761594422573,4.021676365251324,1.6726685977321456,3.2455295221927223,3.054481322343854,3.689860862715249,1.4245761401950578,2.846688307320833
sample_17,reference,2.8686777916610153,3.8690138860396273,1.6295213868441207,3.271065099310453,3.0594017258241046,3.870977573650505,1.54284092636221,2.972932645243366,0.9327408229968378,0.9278506717920776,0.3680565072317137,0.48268834206737676,3.0573735836959197,3.944625741207968,1.4651320903482123,2.8334974902431274,3.4130979656664686,3.782931435041416,2.6364600399606926,5.9496759220181055,3.175304544219967,3.9225449478501666,1.5700656263607207,2.9596195080291694,2.600133386071639,3.426715383132633,1.4175641004132198,2.8653015446794976,3.629743058111924,4.316885270250475,1.2581642811447993,2.445718946292942
sample_18,reference,2.975661998776537,3.644822020119832,1.3989367841412452,2.760185931791113,3.010891838204247,4.142437467616434,1.6570970468721455,3.411781784619405,1.0668752145306475,1.0553845171047167,0.8648456424267172,1.1342033114071177,3.0363041571473706,3.895692772161746,1.6441355727394191,3.253136659627812,3.6263623697466754,3.6711490999543726,2.35669923346232,5.296874849913157,2.8240964068942995,3.797967902039872,1.4373493346931097,2.8825311452668974,2.888820378441556,3.8118792618958275,1.8088813126106205,3.8298379715078545,2.790690335320387,3.770808014508801,1.5747438300673984,3.085624029298886
sample_19,reference,2.9206299758507437,3.8157531829706883,1.5777247449976877,3.199306578132332,3.2656832457191185,4.29611925319081,1.6606774701007336,3.2944145507719926,0.9271269652995172,0.9228078214468225,0.325079723323615,0.4263263645873042,3.17450662993615,4.033705072777561,1.6702689652932519,3.313389284031943,3.6885870336775097,3.61533504164308,2.6995122672256313,6.115916612684823,2.941311930803975,3.993695725543598,1.6156625684426695,3.170887324743359,2.785377907445489,3.696596117954421,1.6104551368932365,3.2256151919743017,2.723332761096221,3.7231475795958784,1.537642839602135,3.037958232320248
sample_20,reference,2.761365478619278,3.630050154948786,1.6161965874999082,3.160645013991221,2.9438452291229797,3.6969278952173923,1.444539181212096,2.966904570706044,0.9164169170701223,0.9120192256480559,0.3309915945161436,0.4340794982729448,2.997554622327684,3.7441286939613043,1.3047749902395687,2.7166154702600873,4.485145699423634,3.9711530083781215,2.550171185491324,5.378924373049699,2.6511370679495254,3.547653891918145,1.3290919693905856,2.6364198162274213,2.8933832238300075,3.589457057288712,1.5181713015138105,3.071362093378051,3.266189597127126,3.9645642835374995,1.549875337140629,2.9986311790577505
sample_21,reference,2.677440495386433,3.290062132876079,1.284626566354381,2.4017084654269887,3.156548783222475,3.840805015116532,1.4477018446213386,2.8129025432977555,0.9305581356068278,0.9289236716964999,0.12301768449326785,0.16133175478851214,2.908303313912173,3.6200365523342275,1.3176876365708543,2.741061947291392,3.698487427343801,3.6057509166317496,2.552187046981958,5.883347916256657,3.068670208322084,3.804784296849653,1.4026677786158226,2.9460929680600607,3.190936131724631,3.9155801915403243,1.5067206467516505,3.161985650185515,3.2836688401878935,4.241792054584934,1.6031035866490968,3.0951542831271315
sample_22,reference,2.8582262932017555,3.586141093015498,1.4359405897356048,2.9783975472313013,3.058425222068504,3.7959646783801064,1.3766658709263437,2.5458731015072917,1.4392070141706435,1.4285602484053666,0.8013272507949474,1.0509020070010981,3.110538698272707,3.9100691748256198,1.368688079058311,2.741250665835885,3.75492634069424,3.7729783350264547,2.7163509657547076,6.100340439441674,3.103919075991057,3.7773377607483756,1.3960222575756147,2.7040318367578924,2.9189474458823406,3.7371158166304213,1.6288449027408058,3.3737001949314576,2.8493520069368476,3.6975223656280356,1.3854737977360272,2.7936875003835437
sample_23,reference,3.3223405789164224,4.006633455246229,1.171860653878945,2.1066071432544957,3.018198403736912,3.5433351185379696,1.2035089617422954,2.255125944248724,1.1607778826418962,1.1567198370963911,0.3054281978462912,0.40055433756056125,2.9466935444586717,3.540041135414449,1.3747078370071586,2.679884842869232,4.333478932421286,3.9715220174404475,2.7592699467329136,6.098533045953776,3.2693670227755853,4.246673933891001,1.7201032033939219,3.4129939323021006,2.9951372471488016,3.614291221880063,1.3631157104774214,2.571704304355138,3.1338816537597167,3.841022734116561,1.4470028793891032,2.7600100294514203
sample_24,reference,2.9314774411463915,3.590949818298798,1.4684007817358904,2.782835243934782,2.9777842688841365,3.839456139252426,1.4857873253212002,2.963067724320396,0.6829967750990504,0.6815150454567382,0.11152216239863046,0.14625593248396007,2.7228822935481687,3.512576901587246,1.612767822469615,3.2978841169076785,3.662134816675015,3.7085867303593334,2.4824809931531355,5.454017541380733,2.8325834477163543,3.62816502592893,1.3779110345536374,2.5873328169490275,3.0240530355710225,3.9376702183648664,1.4441750566544753,2.8351848441009913,2.921344047348689,3.7125634243833643,1.4303634572717385,2.837950657563846
sample_25,reference,3.5535608079375733,4.369394862695353,1.6363581870724266,3.224828887913712,2.4318791813902516,3.0347068792302245,1.2340502784304712,2.5071880965544064,0.9995671036513673,0.9896773075433415,0.7443540414886445,0.9761843932597825,2.892218665423425,3.730303411036947,1.6973177208487793,3.3061143562804762,4.154645711253057,4.108642175985101,2.4804314420667963,5.469902129288159,3.2729489927749427,3.8529616774741866,1.3912679898350047,2.6843176411342653,3.0897933820011447,3.825335695062688,1.360020356530185,2.536243193831127,3.1478447436285486,4.032397598292228,1.5290811162813456,3.092104494419356
sample_26,reference,2.899461055277419,3.5341437494809744,1.4064622833143379,2.807568948734464,2.9802215440874424,3.872947479221898,1.3526423095061673,2.622278464309418,1.3077800393631691,1.2997806108389103,0.6020758048590585,0.7895933541078268,3.1256192265951994,3.857602052700754,1.4394953897182106,2.832002488768541,3.9009934083601165,3.8197239649834804,2.382116107139722,5.242568044250887,2.9588621418301,4.0314645488433145,1.6814632945330301,3.3401548111088877,3.2646003224921962,3.9722272958054723,1.3314639866795424,2.840300941165291,2.647896586581319,3.7202068942252713,1.5387817509246993,3.034736296634488
sample_27,reference,3.2983880802445684,4.161346773859919,1.4935058814754465,2.880977305609773,2.962698578662745,3.7562697724577983,1.6315205256361072,3.404954306821144,1.543821626196358,1.5349853115862464,0.6650639123453833,0.8721992164554657,3.1205829700333845,3.8612713543119352,1.5493480570105926,3.1705444578934023,3.7525187311800177,3.9501664595142607,2.827909501888253,6.447107325635615,3.242263912056915,3.870683301423333,1.2913333121646937,2.670108121158104,2.89755736486579,3.8095980528474325,1.6333407911522038,3.2830387129849634,3.018415625877072,3.8817083281318503,1.7088182638901044,3.3680088170414604
sample_28,reference,3.1078861651907137,3.7567241357303,1.3598552592932438,2.633792757004421,3.1181533834281323,4.120037533008194,1.6645114689547327,3.3775012178240305,1.1882888333929873,1.184803735741542,0.26230535933200344,0.34400081651495573,2.766998227988955,3.502795709970142,1.512927166827543,3.095441587531694,3.480483635345097,3.74881173862061,2.444602237419099,4.403634998026206,3.1448632646716783,4.02194216827135,1.6213685605496384,3.365857792351259,3.2918295512646427,4.169963733878606,1.5846630827517976,3.3882953608951194,3.168018852049502,4.041379599824856,1.5376298404189954,2.991127921250958
sample_29,reference,2.940880728184104,3.82985553708043,1.4316093649721182,2.9771626449633506,3.1195501470478706,3.863719967530991,1.4928793401198681,2.931290149683697,1.0624757908855764,1.051191526588227,0.8493084835329997,1.1138270775422332,3.2876255735678503,4.323228725858545,1.6170489688547829,3.362055877525462,3.7376079575487116,3.9304825167112747,2.316280678694488,5.261107290152967,2.937054367270176,3.698462582819671,1.572024673052732,3.113665982747394,2.764824523895663,3.7983662513412235,1.6330009375718084,3.2355230529529617,3.0556489153025135,3.716284321634316,1.3383352270076831,2.5617707173902162
sample_30,reference,2.8879876807585805,3.686043951407373,1.3593796715773951,2.6813652225742004,3.207188949572197,4.013448131484069,1.2712047524147063,2.528134039660881,1.1775920292080093,1.16677161911677,0.8143965653085716,1.068041782091576,3.1016865187376985,3.850182377895589,1.4214644219675545,2.6727375547725263,3.490825768634777,3.6967345618551954,2.411176787534583,5.352798771542295,3.0186101995489563,3.940786593629683,1.558449473398399,3.15414738293575,2.719089371374291,3.4169617284404277,1.369742041007868,2.7105735892272773,2.8859943183549683,3.6501259628242013,1.419841466037635,2.8487305778379675
sample_31,reference,3.1495749396837596,3.9154931729839246,1.3293328430309044,2.617847487005353,3.1410314340012047,4.011494660453671,1.4594299894638905,2.6883345907901797,1.6106449773134754,1.603867091079998,0.5101366049948349,0.6690195316607084,2.9907022682707924,4.0887306542761035,1.568181346397903,3.173390292477047,3.860422979117977,3.894255855212146,2.377661968187613,5.215801212187518,2.886602980860508,3.5595230786088594,1.3632415997470047,2.5988639363873376,3.079110481855943,3.786663295708829,1.4960647581122737,2.9505592612618265,3.2178681717447435,4.095470126208212,1.4624710418892648,3.026141938004203
sample_32,reference,3.074098175651395,4.095752024417665,1.6136652823857731,3.3982129787610558,3.031231388816506,3.7256176414625735,1.3781771313764417,2.5420621459214496,1.141601687744223,1.1324490770122233,0.6888698931828993,0.9034196111393564,3.2102717156657463,3.9312429026749425,1.3509455154999777,2.707990138938126,3.8630235366061836,3.8946905636094815,2.6390902210566094,5.8760871456667125,2.947044109646965,3.7648398395265446,1.4273413512469582,2.9762976915224244,3.147348170726015,4.173027512378522,1.6112083838809859,3.144525466222687,2.9345443976629717,3.5200704731554087,1.253834441545058,2.6310446739789404
sample_33,reference,3.0742980239673208,4.2537135557402665,1.7308988955188245,3.5389870593592305,3.19120451133011,4.098026346547372,1.4876043503903729,3.171158674879211,1.3719139786694237,1.3644109369672375,0.5647153241053857,0.7405968870993591,3.057544479254368,3.943964882017532,1.4474258625857417,2.9265204397913602,4.107328226593525,3.882710529381026,2.841918816684625,6.318052893523163,2.724552952805555,3.850832203226137,1.5914423141873224,3.1965705925007173,3.115641944994663,3.9698163014726866,1.3460485872554744,2.8224298211989307,2.859004122054627,3.718954393005716,1.5983674745340302,3.209906680214899
sample_34,reference,2.9419895691081104,3.6252204607748624,1.3577605758629603,2.6685366674923383,2.9143491804962998,3.5598646897245647,1.4231156359581347,2.6642339336745877,1.2518487157994656,1.2452635087827206,0.4956346322423777,0.6500008944486154,2.790252526690477,3.7309446432414903,1.4782146100262916,2.9845407272156343,4.256093900079671,4.096830154896962,2.4291414875811816,5.328421383375811,3.2564054345119944,4.25756877919907,1.617000271582154,3.0961689655958615,3.2168658394329332,4.0301766032841115,1.4592333542835874,3.098457067957357,2.985435474844096,3.7175804050486994,1.467944818124807,3.0168751329599455
sample_35,reference,2.736329982622106,3.36958940819987,1.2209474980157806,2.3649854178207605,3.1206589640931335,3.8221722346009535,1.5379316761208843,3.1591627309549155,1.0213383951529107,1.0131103980638407,0.6192789840870352,0.8121544932174044,3.168961284767499,4.0773614299399,1.48056051897453,3.010031150227582,4.304545151479691,4.261171020573376,2.466825485631345,5.501266317437953,3.209816494526865,4.091133598945166,1.5013227045361055,3.0843418990831264,3.1125781106734944,3.924396836557954,1.4927551779656572,2.9909136164920125,2.999534441584669,3.6131591730690604,1.3348592264820167,2.6146289760341084
sample_36,reference,2.6830280694456197,3.3019469300110327,1.3075714762687336,2.5571659455261404,3.0971160059173024,3.9511800039431444,1.3828526318618246,2.757742308407959,1.1330206346171663,1.1239777323421731,0.6806127023908312,0.8925907040143748,3.1380050829586943,4.15769775792656,1.6987883737645797,3.2303956134847516,4.13387621510942,4.019164876523645,2.4775557945222078,5.571412556649697,2.8196214262441117,3.735262172240679,1.5026264916151613,3.1158279941430456,3.1503797568987437,4.073846424320659,1.3734019733904372,2.807595487951611,2.9593355350797177,3.8986600851333795,1.6173429777994406,3.1009755931880174
sample_37,reference,3.026156267462806,3.5195343000628294,1.2487504640833764,2.468160157934981,2.7762137473556785,3.80984320129852,1.4729249489839384,2.80376022470395,0.9783423307136372,0.9727127763536998,0.423707576357301,0.555672032785268,2.7341934810530746,3.4720573863801043,1.3104976559337518,2.6095381905398707,3.6982529243770905,3.5565578602233687,2.4058763227247755,5.485384340537037,3.217692518418987,4.122902294858903,1.7004684278246212,3.5609819822478137,2.9999104678870276,3.552580297516588,1.3164094670762376,2.765626978988355,3.108394317658159,4.039477211120136,1.5354643223491642,3.0899033675252667
sample_38,reference,2.8274884033266217,3.666207023171107,1.415092337933698,2.7298449270688687,2.838923471937482,3.7801220085222518,1.5159527368956591,2.9746641939977088,0.9423746796062238,0.9339499702413787,0.6340845044318629,0.8315712184437584,3.5104354244838407,4.351219723239248,1.550453795108227,3.0190402606820044,3.6612877186915904,3.746835921728302,2.640267595064612,6.1153259595158715,3.1409357455919964,3.8372675288511124,1.3589561997395687,2.6572021747412524,3.043348016132501,3.921965283480722,1.3376338830300756,2.6345381655917124,3.0943264589405945,3.8029785059520833,1.3592633988663159,2.8558206469211576
sample_39,reference,2.8183482575287053,3.7043350362222176,1.4685580302058878,2.8662203775672315,3.0954996912777717,3.919652132972913,1.4981242712046607,3.0222950876997046,0.8548360072602973,0.8451159903962824,0.731575631796477,0.9594261257998162,2.7877988206990993,3.3814612079795046,1.3216581151993618,2.3757575513348312,4.02048522959106,4.152443767380227,2.4887214906799677,5.454008336355308,2.949007184996979,3.94817473218248,1.4563282498046537,2.960801224337552,2.944820830980483,3.7990602854723825,1.5660880700276938,3.217507212908065,2.8451218668332148,3.6838139126057703,1.4784835788835409,2.8214184132093183
sample_40,reference,3.249715227371658,4.049935930224562,1.453469291473815,3.0360519122939635,3.1554543178621888,3.990591394694137,1.4699370211874174,2.8816233403676654,1.0473048507233333,1.0425098503601913,0.3608949932090078,0.4732963621338826,2.6620050279768632,3.4600434720328046,1.3460081977824705,2.769760820898858,4.190885822491272,3.8968353029997953,2.558160857395472,5.551629587002727,2.554372319672367,3.253466693558845,1.467182307095116,2.8504047164381294,2.711199320553707,3.2907260044393842,1.191819522338326,2.2974925550085,3.169534703730473,3.997755706505627,1.4377552933052018,2.9209408454766503
sample_41,reference,3.0947569040610876,3.7413271774923578,1.4104506101118612,2.813793192791364,3.0497750693316337,3.724192802256605,1.2521543585977002,2.6299237555820563,0.9773080642818798,0.9697494287918691,0.5688995823243599,0.7460843397671282,2.937919065025662,3.735557620721329,1.5068314098859061,3.0885256791113527,4.0788047241826355,3.744534245925722,2.4919942596206193,5.801396880914964,3.1930822538573476,4.022881284140512,1.6704260906909916,3.2522714098356538,2.82120708099073,3.8005907448823684,1.5848070900190228,3.104401467606936,2.848883186881147,3.4967966285147596,1.4266656337690724,2.8037120043348644
sample_42,reference,3.272308101938969,4.239546910256166,1.531187699554903,3.0899756283735256,2.848857839230849,3.586723179988032,1.3230251094871415,2.596639185927613,1.094132345871728,1.0849866673576027,0.6883481408297422,0.9027353581147073,3.026374791661704,3.8848417181869146,1.4544859236889596,3.051904447696555,4.376590261865154,4.066204985922058,2.688804219908768,6.187297112412223,2.9505172725211413,3.812112444673651,1.4072429516904725,2.713364776469712,3.196763567767261,3.7796111810803197,1.3989003022682103,2.725876306618064,2.8801969409933394,3.6197063664845546,1.203067324813447,2.3201975532727266
sample_43,reference,3.1858070161430767,4.08026673932485,1.4744266672195647,2.8748470573110256,3.2432336152186094,3.8645424028934583,1.4051282719993778,2.7204084140934945,1.0241226141778919,1.021698501023737,0.18245051805028026,0.23927504700135716,2.925130525539841,3.5859801690561746,1.3306577635955477,2.608190379840524,3.869601999434401,4.1099667617285665,2.484892915588254,5.641862558551451,3.142355461543148,3.7985848430924594,1.489730718134496,3.1406258652823675,2.9136104172250916,3.871361809519393,1.5047132826676564,3.031698717647865,2.985456591108902,3.80909765608071,1.6627775935820637,3.3202087794187363
sample_44,reference,3.262309264899269,3.968293930633271,1.4299317592441392,3.0550788788442977,3.0501673757956285,3.814954217793696,1.3719027129970596,2.730670386674599,1.3750136266210722,1.366306725881278,0.6553235965347036,0.8594252624633696,3.114380223198283,3.9363570833851425,1.5113429338589293,2.8259142542343927,3.618953345772984,3.6004300430687,2.4763332277730106,5.589761127645805,3.138045209520911,3.877700943641022,1.3803432859232756,2.7208405983363892,3.0505554778318547,3.7200916956047445,1.2507424561965328,2.3296031583310786,2.866979357378962,3.509602483730623,1.4178685632882744,2.6122433340979123
sample_45,reference,2.9830503728542315,3.700559824982797,1.3627844723406002,2.739055109785891,2.9025129483911045,3.8279563131929764,1.4638613090324344,2.9685852148480567,0.8316078696738071,0.8220842721680126,0.7167921578480809,0.9400383133581384,3.2965966339540738,4.184743014083144,1.5202149327701202,2.9731482527204025,3.647600200362116,4.005853301318831,2.3898894028540076,5.591281097168275,2.9261134697199624,3.8976128134741264,1.6568063925079757,3.506716757475731,2.847912275688086,3.6256021730298356,1.4584378062814067,2.9823153516171623,2.653945304939248,3.3413007601483047,1.3824223225492562,2.6703851362678948
sample_46,reference,3.206916796170226,3.928140498050041,1.3747143352176516,2.8369980205542866,2.8333368854963847,3.453977003126112,1.090701608131299,2.1058228162996864,1.1188483013214228,1.106890987923139,0.8999654245789543,1.1802612103648953,3.1072881425165444,4.190956772354067,1.6081732721841941,3.1082483502677962,4.010478398096671,4.111078771658587,2.5040946688180936,5.659689258863095,3.0109296070463105,3.6912620914785723,1.4928621992212392,2.8882569051234785,2.8854535487565824,3.586023744351386,1.2320138842691561,2.4777298907984795,2.916963779617142,3.6702026671838377,1.1695813120034926,2.248103587835687
sample_47,reference,2.7664347110654117,3.6227460249477956,1.5143716482219995,2.8944414176765716,2.9444603389950754,3.8288098140414872,1.5059053473126671,2.959247127164338,0.8360612781775727,0.8339301276447252,0.1604007296832356,0.2103578139659289,3.3474614167342684,4.122936879976443,1.3427137090716403,2.4857492268533674,3.8949293610531877,3.620046244699105,2.6898989507011093,5.947912163948782,3.0044161231474282,3.956499165058432,1.6143984371221909,3.2816929044048564,2.9876470261757153,3.884589076346527,1.427179444286395,2.9218959356076257,3.005045215226766,3.7358210209161715,1.322158766395799,2.760153770978715
sample_48,reference,2.8385234260926633,3.8296885597785164,1.594144843260412,3.1992595130974735,3.110168418209783,3.9592324180539267,1.406235739555964,2.8375911462411376,1.3288426484527613,1.3275201082722246,0.09954079110029804,0.13054294240212783,2.8702968380283678,3.9756703934053896,1.5627063022961296,3.047637607349979,3.959560098486964,4.052837885473321,2.577457573773789,5.8872208564714175,3.0033090958911646,3.667437539876514,1.3418407501419607,2.6255146432243714,2.805391663342086,3.787978258548897,1.484716825121386,3.0523996116232865,3.155033022519525,3.9709456239621743,1.5982605778242887,3.304688019664506
sample_49,reference,2.895070650174517,3.73669595939987,1.3736326581203648,2.703970141742175,3.382259085319014,4.152837089705775,1.4438688220626894,2.800122972481238,1.0467668283818932,1.0396155445400534,0.53824032076718,0.7058761982473576,2.9617301146036423,3.6773267164090813,1.2967589258409022,2.5440803145534536,4.148785692474638,4.2161001611678435,2.6047411301342707,6.043268502204484,3.215223782707981,4.077441472144594,1.4587849075427048,2.821523960476024,2.9382256968881943,3.846835619976459,1.5651377034576233,3.0263341527609953,2.782699651888978,3.4844488429767644,1.2356344553047276,2.5187050093034644
sample_50,reference,3.3247162033032436,4.0687242757421025,1.3773346004958065,2.9277367585114282,3.2541695553879197,4.001765605481816,1.5356293649188464,3.021827958197861,0.586999507980803,0.5782223738306185,0.6606097037810568,0.866357736941062,2.929197710641398,3.6505248029612343,1.3845289576020523,2.714668515970775,3.922448031531738,3.71417782811973,2.6607321688082037,5.956722698131989,3.0869796424140943,3.712103204621761,1.3402102152021005,2.591764999485341,2.9805088064826686,3.7807945827164096,1.4768731390771097,2.9460999049189924,2.9134393287239697,3.6615561581398772,1.3517717998304766,2.7002849693769875
sample_51,reference,2.7621687920427056,3.7175096726520738,1.4765565814631587,2.91762783523829,3.045671911046796,3.8418197935729936,1.4435035077490246,2.7711972043958397,0.9203356523537993,0.9080095576290673,0.9277216965757702,1.2166622212120681,3.1245230356778046,4.191255904857599,1.5995782097897608,3.2245685139620015,3.425595278306166,3.5371151567459083,2.2274625630397553,4.093255210742611,2.978473126688369,3.661671372902743,1.2689675370715223,2.718386272121846,3.0009331516574385,3.68063013402208,1.2576826613515406,2.591872492685259,2.9697948761103476,3.793052295868812,1.4281704449404808,2.952989137235633
sample_52,reference,3.298683188224657,4.121626516739577,1.4916012215527252,3.0757378387883665,2.83174974923192,3.6473135997263,1.3125983609523615,2.4881853920713395,0.7089533608025024,0.6989804444822219,0.7506100719715199,0.9843888752411347,3.210176220176209,4.0586533888673015,1.526052908985004,3.031128995861928,4.070350617264449,3.658099543751281,2.5436568129045023,5.613930867389806,2.7600466018955383,3.39355255071311,1.1816664128873398,2.275793294216583,3.115009010783196,3.9039649184759186,1.3251467250645594,2.5100335477134665,2.8989172826600833,3.3731711371161914,1.2453809617427811,2.236112956183707
sample_53,reference,2.7794543100218334,3.6820149601155396,1.3900276775286864,2.609398939321746,3.3599693136624045,4.162015483652783,1.6018914085976859,3.200476061728464,1.1853084390520545,1.17416270460416,0.8388820549007043,1.100153319705266,2.907505314565916,3.6448599386239655,1.3818807099342996,2.9222076160506454,4.181568948797861,4.084490292951988,2.347522634719933,5.471851776625387,2.7195866700263296,3.42115502075156,1.3791067038398028,2.583938833306352,3.0502731576298254,3.802130762162432,1.445903030601062,3.0694510098499324,2.8529220457625435,3.769029345842738,1.6608398134087534,3.348115197626724
sample_54,reference,2.8944011504287146,3.7457518834972596,1.6808838210172654,3.3404535624449205,3.020412966291875,3.7214135382851206,1.4209971511003943,2.7376513841577554,0.9120963301150721,0.8992108603055728,0.9698229796059334,1.2718760215537235,3.1448924063823007,4.053659433917396,1.4500423757937546,2.72977306656827,3.428682305287363,3.7837693144174187,2.3358684310586115,3.716809848557242,2.9240456990479933,3.981135129079525,1.533684536708255,2.9183009544170737,3.019261285995861,3.6228438556661056,1.4255632739816844,2.915838624280652,3.141747330107748,3.891835128664503,1.5297350164028414,3.101000272102063
sample_55,reference,2.7339652314515086,3.7937092653096443,1.5667687242652433,2.996050728162824,2.9155057289779505,3.7402283285987807,1.4669009055510909,2.9723149509617364,1.5462744076625867,1.5363930189176056,0.7437212625524215,0.9753545342310206,2.7977700573515483,3.4593326162888234,1.2725551974588873,2.491862755587566,4.039899960683841,3.984828666752903,2.708531820201673,5.892764968378823,3.1978181075569796,4.083384332118487,1.4552256054727044,2.949531620526588,3.0563682656106104,3.6064629550487393,1.3081856737928914,2.742183836253043,2.666595099174365,3.5395228836212516,1.548688514853665,3.0573755682214037
sample_56,reference,3.341640439238966,4.002794448534388,1.4663453539857192,3.104281137582891,2.9738627527156876,4.075849319737136,1.6924974218920563,3.3141958604530957,0.8273362881954054,0.8196227777843649,0.5805562203515329,0.7613714578396624,2.8097345475323916,3.508989252366212,1.2666178465329647,2.4161663075878606,4.0368480548414345,3.7031390983841095,2.4322615236123624,5.603554529322756,2.937619305481562,3.672128483977986,1.371640225342389,2.8288336993728835,2.843165775133658,3.7405261470798843,1.4117010469143096,2.8248183203784354,3.1826736857574516,4.049469356514027,1.4956939817928958,3.072039178123492
sample_57,reference,2.800606835042455,3.774646036539602,1.6536250660176441,3.170237628297393,2.8321231979072325,3.780320669222418,1.451375797737291,2.8136991541394476,1.0605325714225844,1.047468947082626,0.983231753994018,1.2894609818828324,3.053702747933943,3.535598436089841,1.202982242870899,2.4631847732670966,4.126436236861687,4.135286190019805,2.526483124378141,5.655689199214178,2.928534849135585,3.475195343048584,1.0550235259689342,2.154035020890144,3.1394182106512045,4.102606083947593,1.5014909251597448,2.9834423815847075,3.085845528599006,3.777129838175197,1.4088290713992055,3.0292951401746593
sample_58,reference,2.9830781372962663,3.7538311779745834,1.3836381672948346,2.8224400678694286,2.809859890001953,3.425066560413746,1.4209230611693802,2.9228580337032177,1.1981045375255237,1.1865390168254386,0.870477205090471,1.1415888339885853,3.210205277475352,4.08486909098362,1.4382708473557615,2.8868643028942937,3.846244892080143,3.75007141825842,2.4271479154616977,5.327878574598232,2.8273788379508695,3.585374720032608,1.5787915855062904,3.0643843984561103,3.3527437695920486,4.335907380685438,1.669833604857142,3.3992349731871645,2.8247562390927516,3.9367763816113595,1.6481454462129155,3.3035104952432848
sample_59,reference,2.739802723899691,3.5236661242118767,1.3704380143607002,2.6841015051714496,2.9940526482408205,3.6895132050279287,1.2316069177927749,2.505031933532748,1.040839897685114,1.0280824265345134,0.9601891794733747,1.2592417577316586,2.8800911637587796,3.6910114171207895,1.3858798013058542,2.565164060126108,4.309086852707734,4.394582325239098,2.5653026547997104,5.7300011884697835,3.1673006294702675,3.96407365297404,1.6175961334394195,3.4261230487383187,3.193778964729216,3.893179263208981,1.499057553688524,2.9181141022979933,3.249127969292804,3.804079339481077,1.2943924252999444,2.709140437703941
sample_60,reference,2.9539296534351833,3.6336176273511773,1.46498298688746,2.974236706378913,3.0435583673009456,3.719868002716686,1.3368531472546517,2.5670524730953246,1.1209352451895798,1.1138800846782122,0.531005612514695,0.6963882276148083,3.147320254058426,3.9267831704184304,1.4986891289426947,3.1699895819814627,3.7128639646423354,3.7969133539648627,2.6215173115817496,5.707646935146593,3.163781468981101,3.807433939791622,1.4827153667257478,2.9474003691651873,3.080992955353884,3.7858440965183737,1.4146275989727315,2.6920684715209657,3.026897418678777,3.9733819061875266,1.5841032956121537,3.1616167603591334
sample_61,reference,3.0852212517094078,4.090130132528373,1.679940106209201,3.387986492811229,3.3264918314471204,3.8530610174242144,1.3112635924450013,2.3969889001474365,1.057966621976103,1.0487708439562666,0.6921188727180068,0.9076804909618795,3.3092612527286347,4.065388984236467,1.5183267389650208,3.13573562471763,3.977829134105022,4.068590972560726,2.6928148499560285,5.902629129898578,3.048963153744162,3.945110217097666,1.445415882045725,2.843235923636816,3.322003051198437,4.3478887276852305,1.6714676090972975,3.4463945509490177,2.8763027620190984,3.5809149089166885,1.2335132561721194,2.3615497137782686
sample_62,reference,2.8616913148315373,3.596262196386462,1.3684488537064632,2.71339944119815,2.901648038655582,3.9661950274897326,1.5213307006129315,2.9268138198208695,1.128321193935537,1.1231025211624057,0.3927826344908013,0.5151154643649923,2.8812796350667917,3.538456552395563,1.3279220556596922,2.51491696888816,3.917296667355525,4.257365433384009,2.460203892118088,5.499788182167969,2.8458721632684374,3.493051662445337,1.3235949989377072,2.4472095063480928,3.036727842941048,3.855073946426102,1.5396133373974976,3.00536058311599,3.023619667619737,3.832587519081713,1.3628612200967554,2.820046962299349
sample_63,reference,2.901827529318387,3.8342635441227007,1.4226276002077711,2.68868758083448,3.206972283889363,3.916319771517733,1.434929095141825,2.960831903713987,1.0939798655882347,1.0812884166580572,0.9552200268171152,1.2527249538985459,2.7132842847874503,3.4278447194922506,1.2880292208474062,2.6451704161901635,3.924204801781977,3.956383643134682,2.554917450382471,5.45641173235397,2.9629215729602976,3.765278139408582,1.627905993208472,3.2187578972798283,2.947835997856274,3.72782425085049,1.2514885591845801,2.304814386693576,3.257602518378705,4.143959566863121,1.499154784120608,2.94731100526103
sample_64,reference,3.0669097327058417,3.7570080200418614,1.258274367231903,2.499780597168659,2.834365287952489,3.767880409928238,1.415062781560979,2.830823126622114,0.866230589174847,0.8549431363551531,0.8495484671957254,1.1141418045311828,3.006469515918048,3.6585522443588276,1.4434796893179564,2.7240672366578362,3.645918020723985,3.7390075074307845,2.3501646986195124,4.97003719699361,3.030780243090218,3.7700166556140675,1.369721121438924,2.760847513140309,3.3480648691319557,4.3236027301637066,1.711988981469385,3.6898428783169797,2.8871781926633386,3.6309050675720815,1.5032815529488686,3.0713025075778195
sample_65,reference,3.1629713658332914,4.062642012086662,1.7008126289873904,3.4752238709431107,3.0103133758929452,3.727268230176365,1.2379794260795098,2.534507853073073,1.0743854351353075,1.0648009146760231,0.7213775149327107,0.9460517878259962,2.674719542397384,3.771857154756296,1.7254226971794666,3.5481713393658283,3.7528110177070473,4.0071739167283384,2.4908198176995286,5.742182797398298,2.731065686797553,3.532241958641827,1.2488860814854614,2.5178889554352146,3.1062343602001703,4.004369399672374,1.4758731939987715,2.823104924689617,2.984976985482201,3.738616903168462,1.4840879369239985,2.8999215555190325
sample_66,reference,2.8036821525574234,3.64435351375897,1.3379814597151556,2.647651947399103,2.7961636040959283,3.5442171966096563,1.368187087713431,2.702559113978803,0.844133721419271,0.8323387232445287,0.887748793283582,1.1642396881536352,3.0187610276131065,3.7343087049489556,1.4244632623073719,2.8486783982288184,4.164062091505926,3.8882793067650594,2.6093303291160037,5.764723480714767,3.2650736519935655,3.9592256650448405,1.5292962499726155,2.865493965503526,2.852298981914506,3.5343341184362793,1.3860184260816697,2.6915591201285203,3.0948381569995718,4.031289264808649,1.509507355274151,2.9302032542345144
sample_67,reference,3.092019961157028,4.0134197893580685,1.554499378007666,3.2202694231905085,3.1550328387740603,3.886706329693917,1.468331346420233,2.770925833805304,0.5503316470611578,0.54683594546611,0.2631034635790471,0.34504749170812105,2.8223879347908025,3.62136820307801,1.507802893400794,2.9489642616776353,4.411007820388968,4.005045103018683,2.6748804086160938,5.882596738774336,2.9879464068073798,3.7017973363129304,1.4102340483147657,2.7403670036413925,3.011808747887203,3.7297163348880757,1.51672412741262,2.997695971622033,2.824277307933083,3.466269126117977,1.3970195444053246,2.609992356785302
sample_68,reference,2.929769743644292,3.630804747219252,1.3814426857503495,2.802819367071236,2.980673008135781,3.688409527945282,1.2357246008725775,2.4289775768804374,1.058564142112998,1.0538404619596013,0.35552708816991635,0.4662566137996331,3.1314823841469317,3.83611376315541,1.3639483887355601,2.62848466272409,4.0299825137445335,3.9156102424142647,2.248330008669173,4.829174551323681,2.781611583086274,3.6169689960265736,1.426848325946175,2.7811433997225032,3.2995362572747013,3.9611495950297693,1.4752795887498245,2.8505603739443224,3.1673662978522525,3.9441162003151766,1.4543506192833808,2.8798082120795376
sample_69,reference,2.7857535476862822,3.3026565702661457,1.2680727203366753,2.3638205768548617,2.8891992395926307,3.9224517421707183,1.6250760523731338,3.2209040932095365,0.8714885110465366,0.8649876743255875,0.48928451440665416,0.6416730214458753,2.9594307402624835,3.8046328188417817,1.5949247859110185,3.1495805522177793,4.30045300249773,4.008762164185454,2.477153110111407,5.590620389528826,2.993349079045494,3.790963322207145,1.4848223218583751,2.9757422138236116,2.98834823579954,3.7012312900259836,1.4390260425809593,2.8703875502744345,2.9903445080000473,3.82726784260542,1.6592694285307232,3.4543549730143637
sample_70,reference,3.143540924020216,4.133384032066825,1.51198765203883,2.9608780246754427,2.7648023585409556,3.3890201839067755,1.3781737599895807,2.5858161332309857,0.6312928011615629,0.6201673979716034,0.8373518257789724,1.0981464980807623,2.6873240136809153,3.5179605668045233,1.4535850714477694,2.930654025370227,3.6955163991139734,4.014282829043463,2.497186735104783,5.7091573305536185,2.9004248247247633,3.7614645172139367,1.4500294335466217,2.9994572905728147,3.1098286134512203,4.031801762566612,1.4696251788132924,2.7883222546390765,2.8802177459216,3.597694682028952,1.4830491357828557,3.0076017704998366
sample_71,reference,3.0801716750174184,3.908344110806301,1.480249760043763,2.7808404942046208,2.6729988428937523,3.513920399940287,1.5239795100620592,3.102319224483138,1.0037418005954621,0.992887730615359,0.8169299718660408,1.0713642224967326,2.964554295823462,3.4583558622898076,1.1613640140475345,2.245307258711465,4.394926353768786,4.178240580814784,2.391770185587063,5.585288754398389,2.9810172093458056,3.609173244062762,1.4076568993416998,2.6929387660657906,3.210424418040422,3.9991847915750944,1.3387806157762558,2.6176392442853755,3.1798202830094304,4.163222325503359,1.8029819249074155,3.5604114942531986
sample_72,reference,3.227311231356518,3.805852825599387,1.1995265792061194,2.408012552071606,3.174510495235852,3.9481513042933685,1.347469141807619,2.776552744541142,0.5196640643239112,0.5087316370975226,0.8228275184196234,1.079098570109888,3.049373280365579,3.876690184856993,1.4060287591585927,2.8091178612438816,4.076796709382204,3.8282542041708343,2.7833137936984667,6.036026888856005,3.1053380276339184,3.874693525235495,1.512472207483522,2.8662670277241613,3.03551917853201,3.887233808733407,1.6641853281512806,3.259632290599688,3.0305519487009986,3.871546971178245,1.4219636554921526,2.8675050069564403
sample_73,reference,3.005723438380923,3.736492495618422,1.3714748748246715,2.828130290029692,2.9905515719292324,3.7181789775377987,1.418228578146084,2.8661076312029046,1.0200299974433586,1.015962758146089,0.30612016421322236,0.40146181804754555,3.00454893866454,3.851913366650141,1.4779624693703395,2.8433508104986442,3.992742380277191,3.86920104133234,2.54167129483317,5.92423338481168,2.745995726594158,3.4829079221132053,1.4938454700457813,3.0270091922089915,2.97754149306696,4.05421403884055,1.709880477333976,3.382050429295846,2.910858377702076,3.6597505237891514,1.5276735844227785,3.0937287657726973
sample_74,reference,2.974300853748301,3.748337325543009,1.4595145282460091,3.0221049826092403,3.030030523864368,3.876284753280582,1.4901649445915834,2.9741344304430974,1.112494918936131,1.1063080956042164,0.46565034311980025,0.610677946693927,3.129990778022128,3.9484576769970348,1.5325273973969744,3.0644341900913656,3.8543369745930187,4.205783613588886,2.4144529342893915,5.360128485528904,3.0510806867815536,3.785295054866838,1.5614935908983314,3.0053935973289847,3.0297439381857956,3.5891779611640797,1.2259310805674137,2.250410802858325,3.198360287503978,3.966094357970597,1.4010212058826061,2.6589218813318123
sample_75,reference,3.011937708579182,3.83859334264677,1.4851488021598884,2.8591859127691244,2.9555927745456283,3.7360612158966555,1.5387141475527997,3.1203363479017105,0.961955622552915,0.954437829342599,0.5658255941832254,0.7420529527104531,3.038030440448344,3.736416195282958,1.365546452392948,2.7907775541094275,4.208245943846388,3.909633805778248,2.9166059642846074,6.44449002842738,3.0133208021434648,3.7953603360648898,1.374787242890453,2.710865628542229,3.1243086835944913,3.8167757730720195,1.4498474654695586,2.8305698095816942,2.9324777911335818,3.6692003490589693,1.398774229704014,2.8362903758868487
sample_76,reference,3.049511055313229,3.8632917319640585,1.3743776777768613,2.714811728578347,2.9647875822120877,3.4968483954337044,1.1974979907841032,2.1441380032565225,0.9392401091023734,0.9273041526689354,0.8983579957782889,1.178153145088125,2.96859915640654,3.84758595222444,1.488200546188862,3.0187987695041363,3.4841411449262916,3.736079566105454,2.5505098825088828,5.513027342043372,3.2981106735864554,4.184497617552411,1.748481573324651,3.6815665070331063,3.1885155959105544,3.9262501388380597,1.2464742858242095,2.3030719699073874,3.2873782949374433,3.9946099594341513,1.2935281251106037,2.7507561896289405
sample_77,reference,2.9927576945578536,3.766265912287712,1.5679457476447465,3.122936918982167,2.891746069308782,3.6569748917761773,1.3311042097408743,2.5024592669512904,1.0772498623524958,1.0749502014874541,0.17308363491519482,0.2269908319366125,2.7385193460290513,3.7427309542367526,1.4600483585829722,2.8190263700775136,3.9619567290602036,4.23312406768447,2.705049469027025,5.9750386450758946,2.8999776252302363,3.654247885487325,1.4195441802618085,2.9364063064621524,3.0343635466463317,3.8264346057013254,1.3554318912267167,2.6214902754437412,2.818732703975502,3.637018812720812,1.5545686309357538,3.1462750421654775
sample_78,reference,3.3597789617134786,4.2453418060027115,1.5739756446440005,3.0421626810645868,3.1547456623790495,3.7424735390384787,1.3720606842730378,2.811733704991083,1.4687491697794088,1.457360097817534,0.8571968169037347,1.124172245964966,2.783780500928925,3.3270542953103694,1.2303630351951613,2.5199563655743047,4.311241106085301,4.032843634538209,2.6548794829654736,5.941321720127345,2.7760327216257186,3.341898010076437,1.3078176027926436,2.7690761562694624,2.8560551552995013,3.5665339824171145,1.4278079619863553,2.9512037881246207,3.080224669702392,3.9379395792638094,1.4528417768993185,2.7426403457042183
sample_79,reference,2.9456511633592273,3.7488831023402716,1.2675944405381725,2.400197454726846,2.5864632050225556,3.2777054344357595,1.4658032084227828,2.8243402045049475,1.0927807923716215,1.0823259439503297,0.7868826202821867,1.0319585713682895,3.158104072482194,3.8543451963035786,1.331251057549811,2.6811028336027642,3.9077997997288745,3.9643702314302294,2.519557651726857,5.653587839802012,3.1945988469834745,3.9440376479287336,1.5090949679746146,3.1846487487668815,3.336120741736565,4.181369837263425,1.6804008235642862,3.379482464914121,2.9355697506110654,3.5950961957038317,1.3710271199255244,2.679583089859551
sample_80,reference,2.982873594590446,3.9318080884398894,1.4986486047322187,3.044840799896105,3.2661798467235554,4.318448321912433,1.6371487233861641,3.339362607022932,1.0851187807037221,1.0753123060342102,0.7380828657411335,0.9679600489949669,2.990471092888336,3.7636665985952167,1.4276080080064568,2.7873141990264947,4.364564268100349,4.34038689601554,2.4541588650374675,5.565049495981462,3.089058586195619,3.9444067520840953,1.5574479937592005,3.1343979298357354,3.0865452887558975,3.811562104023075,1.4794999921656669,3.1153729803280714,2.953141954283158,3.7618664901610424,1.5220252184570666,3.012719390927675
sample_81,novelty,3.252383550116665,3.956357703778189,1.2667851090614575,2.3088366766582005,2.7160431920969614,2.737871741183224,0.3288008266736492,0.4259111439618244,0.7995889426397469,0.7875956707414755,0.902671835762698,1.18381053798597,2.2253547956492237,1.539882364694428,1.5105801235539322,2.888621746469852,3.4960957416192957,3.590513157224592,2.5921838059672972,5.639866268454072,1.7482805067827376,1.2199762622832837,1.0468876408046213,0.6378995332371369,2.1419461964632873,1.745067801169679,1.9898251080517173,3.9559685427763474,3.0019475200167665,4.080765775137936,1.6122730081168788,3.1557010661407743
sample_82,novelty,2.099545100128397,2.0995615587225736,0.18047604758027133,0.23983539680164778,0.5098200237768856,0.5157691364037402,0.41026941406160716,0.3456612034308157,2.4099967892825536,2.408417457257759,0.1188681912819469,0.1558898947500711,1.1684461599704132,1.171883505323028,0.561213214667431,0.8125472908881823,0.8014478954601646,0.8024471621578771,0.2906937148937858,0.39752388029662566,1.0347955553584332,1.0262686613752092,0.2749385084146271,0.40607634094537026,1.8251587125088617,1.8528712995404164,0.35038823254285567,0.42110857071922925,0.5969698794807127,0.4482216153397922,0.4824659839647533,0.6493413202081704
sample_83,novelty,-0.039274889315441555,-0.0392630980136319,0.1292970422410219,0.1718233962175084,1.3948094494062602,1.3957780520241458,0.6787310272776873,0.9056923519323425,-0.013112159438971503,-0.02045266918492815,0.5524823804563113,0.7245539720236638,1.5181966293076772,1.4932971322391166,0.41763857023261186,0.5487474531563208,-0.10169191443683573,-0.0986327029241531,0.889946158821442,1.2170020615651747,2.01406072133464,2.31309290555716,0.7578925091913263,1.37983860667297,1.7918694510117048,1.4556125547895167,1.0197392823569842,1.6831953576971728,0.9242351596471995,-0.11583430942757955,1.5451383621683976,2.9905665378079536
sample_84,novelty,-0.019144503896588325,-0.0190626063078699,0.8980446908183084,1.1934154568196909,0.3314031683115767,0.30180539754740376,0.35205751797062707,0.4482678110368889,0.9278281760051827,1.0545328615130427,0.4668916441189769,0.7917002410950617,0.9285013689498048,0.9348401804431414,0.8111386047530096,1.1095194275647042,0.5276205065172966,0.3580607818155115,0.7509574002317404,1.2340115945760401,0.6486829401021259,0.4266882704439271,0.7990879375998585,1.1656959516405527,0.6700138637814578,0.6110043367119041,0.5305938448059484,0.8042635016434522,0.34765674024002335,0.35146526143839585,0.3622214507610699,0.4810601624670566
sample_85,novelty,1.2292641316200688,1.2293467628565686,0.9060894758348418,1.2041062062708947,1.6073008056515927,1.7463544299935818,0.5571281199243399,0.9810631053519263,1.0437777507527504,1.0393648808640108,0.33213399956559125,0.43557770734805334,1.974857920793881,2.1260113296212766,0.6199080461605783,0.9466712943729281,0.65226627054161,0.9788080695746044,0.7479486467088479,1.3003981224509995,1.7265074643503626,1.4421157567735232,0.716830933460338,1.4083371515844927,0.4581588069230156,0.4638798126998738,0.8256237200940506,1.138603378613732,0.9211683589520956,0.9133732954981317,0.7260899071149735,0.9829229479792245
sample_86,novelty,2.43202443405804,2.5199618060221645,0.821184903307433,1.2876376752716674,1.916491509044255,1.9099642466311026,0.15095396022208166,0.1787782607316537,2.7519453013874946,2.9942237395985845,0.5529326612132847,0.7658453791687481,2.1777577076503665,2.1752123648519985,0.24786250062986723,0.3586690505634227,2.0531180020142425,1.9079641421032898,1.0692046850090378,2.0602378946699273,1.956565097060961,1.9569628120326379,0.896870571670131,1.3327382278240207,2.2936239874091378,2.9006148070408453,1.169564365307452,2.406318241966099,2.5035186656113,2.9841359676826196,1.047647162134921,1.8721506098453398
sample_87,novelty,-0.646625071308185,-0.7512856541175096,0.9320507336145837,1.2402001566938476,-0.23919160717809507,-0.2389262931112052,0.1859141053783394,0.24808204810212145,-0.34155279087986207,-0.1832145409947783,0.8271299361965847,1.4549509703915309,0.07204137577497909,0.30655813687540023,0.6034837536614074,1.1675560621499037,-0.3099278646700926,-0.30749357742888894,0.7081512902249754,0.9683974379361848,-0.2223467447078344,-0.2144027070862775,0.8118742717702363,1.1088462457637402,0.8206326774891686,0.8267282469529829,0.8796786671957868,1.2131496203251648,-1.806937959288491,-2.3420693857254866,1.1322101434984466,2.2586367967031675
sample_88,novelty,-0.1427726689094428,-0.3304547275985148,0.4208510576551718,0.5652978216998638,1.3970690260934717,1.3979246602220061,0.5995703710792131,0.8000611106725091,0.13926160348155672,0.1904804650813062,0.6524656826779055,0.9980612905407524,-0.5970028294438651,-1.0740322041972483,1.11065899675648,2.2569402928835727,0.8971589959718085,0.8978020488219537,0.1870685997138081,0.2558164550171321,0.489823640506086,0.49164912028432417,0.18656256883360783,0.2548044829652272,-0.7819124334415016,-0.48629634413311484,0.8280921174781871,1.5069452314707994,0.8978666094474081,0.8939416706292261,0.3655978528919575,0.49491738670116936
sample_89,novelty,0.7642857658352337,0.7643353471313459,0.5436816936153421,0.7225009438664223,0.7505467936418094,0.13785380918501094,1.132754264992645,2.197194260954891,1.9080138715483048,1.5349573692648857,0.6302086269276885,1.2180550541648452,1.697132774284354,1.7012968320391681,0.5328487841769076,0.7288595001325726,1.8144570053319022,1.8167812217347774,0.6761309087107202,0.9246095414115698,2.78536760245204,2.6480225605402152,1.417349829642411,3.0515249680339145,1.5708754942751992,1.5750397969083036,0.6009689844132733,0.8287859220142906,1.0294593952004198,1.0193607838854104,0.9406594051491362,1.273390122205853
sample_90,novelty,2.6666570032038086,2.0783573787811234,1.1937868459744185,2.3353502198069465,4.262652411799694,4.480403322533288,3.3780230395617052,7.259509894542129,2.7482378791108966,3.948913214144377,1.7413588058844998,3.422432203844083,2.771182054693985,4.367616271725899,2.0634442136271582,4.125406418432572,-0.4131012975763043,-0.4100311891959899,0.8931161343043142,1.221337005493553,1.1095574466224276,1.110908170204517,0.13804286646328728,0.18853696878277293,4.0276101579097405,4.241987144769869,3.2535809582727246,6.975914782170946,1.76057680915111,1.7503066230543811,0.9566411502699677,1.2950249416326058
sample_91,novelty,1.3713778436087107,1.4249094153661575,0.44808785713164945,0.39836174141247205,0.35914223032152015,0.3603972980550319,0.8794663532179127,1.1735516985072367,0.45137429112196886,0.4952286709521735,0.3152028251526896,0.3584714044083411,1.2099269412575198,1.2026099095952856,0.2694871895105292,0.368881258174647,1.433110371872719,1.547321390541733,0.6114874035532226,1.0166606176216757,0.9828230637565589,0.990553905336613,0.7900858073664789,1.079087873322175,0.07065805976992695,0.07403529034823125,0.48738312500118336,0.6721416297759116,0.518011053865528,-0.02797748283986995,1.063128954216349,2.091113524044914
sample_92,novelty,0.10824290974182264,0.4202491907672691,0.8268031070811054,1.626049870026082,-1.3951047538720862,-3.0903506585319764,2.430780348676894,3.8122747211025807,0.25357178551614507,0.2097117933596097,0.3719000218875478,0.4124386684585169,0.07458921680378187,1.1830728032781042,1.6384268892009977,3.2807737281376763,-0.3577705451295258,-0.2388144365872161,1.686163984423973,2.661303773262237,-1.094513175677304,-0.7266165337222958,1.518324395669217,2.6580736543814454,1.2211316732061668,1.222447818636418,0.18993878501303965,0.2619412900600757,1.2076826098888254,1.2064598667573327,0.11389534569077941,0.15418248876687213
sample_93,novelty,0.05625200155183035,0.7334368725256917,1.1719671691298528,2.2071037755564094,0.48236070073863296,0.9221131740295037,1.3072836334113447,2.5585723547179207,-1.3177603520301295,-2.3789462253333884,1.9528286539384045,2.5892409365354148,-0.1764638614769715,-0.3642301144912415,1.5969716792115207,3.1462538280959818,-0.2910713483702066,0.0509777457038647,1.1667433286671243,0.7396189009115994,1.0139735286713973,1.8947316467568747,1.5155105304079521,2.891747437844423,1.5630362000640812,1.5665274638091309,0.5038397571065455,0.6948366862038373,0.11809177827970348,-0.1817482167368467,0.579691537635907,1.0195475828671468
sample_94,novelty,0.6097693403886043,0.5138362313088676,0.3516571389583977,0.42264751641986037,-0.5959123910321296,-1.2196216502631576,0.9373995261107458,1.8687609349754761,0.31172727173021114,0.1634118294058366,0.8821178663854286,0.8379022425874488,0.20376668567654072,-0.0892839151437968,1.2095710438386456,2.446659893205243,0.735590053425356,0.7385918534539201,0.8732447540471582,1.1941628775989728,0.8023607228165492,1.1098994022716928,0.8339562675691703,0.6129735977779149,0.1478990285337315,0.1529495974387892,0.7288700012946099,1.005172000084616,0.5139771011583593,0.49526982479110737,0.4897979355133673,0.7242147825468742
sample_95,novelty,0.9549711038830689,0.9550328975660316,0.677596126810288,0.9004604108061692,3.5993323937877046,4.545165988868968,1.969232432559967,3.784081042664395,4.004851198235759,4.127501296714438,1.4705013648381875,0.7515097730158149,4.04563442395634,3.649004049742764,2.053240606938522,4.414469808752048,4.104617603241711,4.846170807053203,2.080147787053133,3.838289799425212,0.37785029520591673,0.38536184526863504,0.767674390222737,1.048478680955606,2.4379071274530353,3.351687412364452,1.5284155158334898,3.033105344576154,3.2845345983611107,3.5937642928144227,1.9020930895006025,3.096427196470721
sample_96,novelty,1.4049978251483726,1.4050185707167508,0.22748468949615275,0.3023053834739089,1.0606070270888017,1.0609019576573702,0.2066673412643254,0.2757749724924712,4.463924827499291,5.569267863229047,2.685840500911024,4.210517215658821,4.514410125340737,4.515301461480595,2.20764896783551,2.580354323560765,2.4026775145277894,2.404721450720489,0.5945954230453456,0.8131097016045328,2.8909377420226483,2.8954564247627532,0.4618057508977211,0.630727676637056,1.7218139618674178,1.7254294751949257,0.5217707654800059,0.7195650294176779,2.2602085153352593,2.2578067218642413,0.2237208213352376,0.302855510145998
sample_97,novelty,4.263143197898091,4.016117339346274,2.424384940570212,4.8217185519148655,4.451068750093907,6.101123296949764,2.6383611516645185,5.282798664449797,3.1343478664980955,2.3956628366400716,1.6855841534337381,2.4845642194802693,3.883968694853118,5.791415618339801,2.7002819163420404,5.429529401411105,3.393755898854801,1.5422802828924005,2.7666998989367704,5.597245310093616,0.4519722766749,0.45664872329149364,0.4779290925079103,0.6527487055515977,5.4572694116872205,6.398346660695992,1.725675345551831,1.2088007321491032,1.3692990959039937,1.3632381499321178,0.5645613693510767,0.764258420396799
sample_98,novelty,4.594900910778045,6.449949663835038,4.348439279200898,6.673308732470172,4.2149098131699425,6.447298885529225,3.132877446603376,6.383197161321907,3.6087912488505163,4.326729216212557,1.340653056891126,2.6961611309562805,3.069989551872038,0.9773913047099384,2.670979786968031,5.347724458186887,3.0050929532815256,3.7467254782246804,1.5275343174497718,3.1514979004956776,1.5329156561528214,1.5398635419063122,0.710068350022847,0.9698011767779142,6.780834648394029,6.884164268282689,3.0707029076631684,1.5338614694321429,7.321352813071444,8.813474334249232,4.321358234946684,9.68098187841336
sample_99,novelty,1.4072434282901178,1.4072760758626968,0.3579956343204088,0.47574194006162673,1.68042751179378,1.6817330686653975,0.9148457172006896,1.2207615918046621,4.850313983813384,4.688324634239974,3.4163742814196394,7.454248684756606,3.534481182037541,4.437282880129441,1.753133393609706,3.3990636845886817,2.1292555043728676,0.6972377393683957,1.9018927935840038,3.7734730677524935,1.6956961443838585,1.7013772709302581,0.5806065753234363,0.792984140154319,0.7185507930146273,0.7241820148674808,0.8126666037699968,1.1207344438137747,1.9423432476370968,0.8759754511644616,1.9699349678843145,1.313055737783528
sample_100,novelty,6.069388058533865,7.41716725118373,3.57114775640747,8.065880243918539,1.6314430166203957,1.6323221592462285,0.6160435317193051,0.8220427425771608,5.479008052100955,5.268296474074399,3.242291001420887,7.135367214556265,1.1334417933491472,1.134938814452462,0.1915645559589483,0.26203240139701967,4.733191058607395,4.537893106198188,2.161516653781846,1.562569903063277,-0.15338398795354327,-0.14736408366707382,0.6152293885720632,0.8402714823246886,2.701006372432756,1.6983961818333282,1.4412096700105665,2.9058439739950144,2.7387407613276054,1.4055647542983856,1.7653443023120041,3.516316812452358
